{
  "pass_att": {
    "intercept": 27.392294412455847,
    "total_line": 0.17028455483833627,
    "team_spread": -0.15148906662840883
  },
  "rush_att": {
    "intercept": 28.671194502496284,
    "total_line": -0.036459974730466194,
    "team_spread": 0.31883122317468277
  },
  "pass_rate": {
    "intercept": 0.5594750787886652,
    "score_diff": -0.006775938169208394
  }
}